question;ground_truth;sector;company_index
How did NexaWave's acquisition of BioLumix lead to a novel product that impacts road safety?;The acquisition resulted in the development of NightGlow pavement markers, which illuminate roads using bioluminescence, reducing nighttime road accidents by 15% without the use of electricity.;Technology;1
What strategic pivot in 2015 allowed NexaWave to penetrate urban markets and significantly improve metropolitan traffic systems?;In 2015, NexaWave transitioned from focusing solely on underwater drones to applying their advanced sonar technology to urban traffic systems, leading to the creation of the Urban Sound Wave Analyzer, which optimized city traffic flows by 30%.;Technology;1
In what way does NexaWave's global infrastructure reflect their commitment to sustainability and cultural integration?;NexaWave's infrastructure includes ecologically designed facilities like their LEED Platinum-certified headquarters in San Francisco and the 'floating office' in São Paulo, which demonstrate sustainable practices and cultural engagement with local communities.;Technology;1
How did Quantum Nexus Technologies' accidental discovery in 2012 transform their strategic focus and market presence?;The accidental creation of a new type of superconductive material led to a subsidiary focused on sustainable energy solutions, boosting their market presence and spotlighting them for innovative energy transmission solutions.;Technology;2
In what way does Quantum Nexus Technologies' 'Quantum Jam' event contribute to their product innovation pipeline?;The 'Quantum Jam' event encourages employees to work on creative projects outside their usual tasks, leading to successful spin-offs like AI-driven music composition software and a holographic communication device.;Technology;2
What strategic advantage does Quantum Nexus Technologies gain from their dual focus on quantum computing and renewable energy?;Their dual focus allows them to leverage synergies between product lines, offering integrated solutions that appeal to diverse industries and setting them apart from competitors focused solely on one sector.;Technology;2
How did Vitalis Innovatech's Adventure Labs initiative contribute to their competitive edge in the healthcare tech market?;The Adventure Labs initiative fostered collaboration and creativity by holding innovation workshops in unique locations, resulting in groundbreaking product ideas that resonate with consumers seeking holistic health solutions.;Healthcare;1
In what ways has Vitalis Innovatech's acquisition of NeuroSync in 2018 enhanced its positioning in the holistic health management space?;The acquisition of NeuroSync enabled Vitalis to integrate cognitive health monitoring into their product offerings, positioning them as a leader in the holistic health management space.;Healthcare;1
How does Vitalis Innovatech's EcoExchange program align with its corporate social responsibility and sustainability goals?;The EcoExchange program incentivizes consumers to return used products for recycling, supporting environmental sustainability and enhancing customer loyalty, thereby aligning with Vitalis's CSR goals.;Healthcare;1
How did ViTalix's shift towards personalized medicine in 2015 impact its research and development capabilities?;The shift was propelled by a €25 million investment from EcoInnovate Ventures, enabling ViTalix to establish its first state-of-the-art laboratory and focus on genetic markers for preventing cardiovascular diseases.;Healthcare;2
What strategic advantage does ViTalix gain from its unique integration of cultural intelligence in product development?;ViTalix increases its penetration in emerging markets by 20% over three years by leveraging cultural intelligence to tailor products for specific regions, enhancing market penetration and customer loyalty.;Healthcare;2
In what way has ViTalix's commitment to sustainability impacted its product offerings and operational practices?;ViTalix's commitment to sustainability is evident in their EcoVax biodegradable vaccine capsules, renewable energy-powered operations, and an initiative to power 100% of their operations sustainably by 2030.;Healthcare;2
How did QuantumFin's 'Stardust Program' contribute to their corporate culture and innovation strategy?;The 'Stardust Program,' an annual innovation retreat in an Icelandic glacier cave, fosters a unique corporate culture focused on creativity and resilience, driving innovation by allowing employees to brainstorm and prototype breakthrough ideas.;Finance;1
In what ways has the Quantum Capsule product uniquely addressed financial inclusivity in underserved regions?;The Quantum Capsule, a portable financial hub designed for underserved regions, has improved service accessibility by 25% in remote areas through satellite connectivity, directly impacting QuantumFin's customer base expansion by 40% in emerging markets.;Finance;1
What impact did QuantumFin's acquisition of SolarLink Innovations have on their sustainability goals and product offerings?;The acquisition of SolarLink Innovations aligned with QuantumFin’s sustainability goals and enabled the expansion of its SolarSync Bonds, contributing to a 20% increase in product sales.;Finance;1
How did the introduction of 'Fusion Fridays' contribute to Finova Quantum Enterprises' innovation strategy?;The 'Fusion Fridays' tradition, started in 2012, encouraged cross-disciplinary collaboration, leading employees to brainstorm creatively over live jazz sessions. This cultural element has been credited with fostering some of the company's most innovative solutions by blending technology, finance, and the arts.;Finance;2
What strategic advantage did Finova Quantum Enterprises gain by integrating behavioral economics into its quantum models?;In 2010, FQE expanded its capabilities by integrating behavioral economics into its models, exploring the human element in market behavior. This innovative blend of quantum computing and behavioral finance positioned FQE at the forefront of financial innovation, allowing it to better predict market trends by accounting for human behavior.;Finance;2
How does Finova Quantum Enterprises' 'Quantum Sabbatical' program contribute to its overall innovation and employee motivation?;The 'Quantum Sabbatical' program, offered every three years, allows employees to pursue personal research projects funded by the company. This program has led to unexpected innovations and keeps the workforce motivated by encouraging continuous learning and creativity.;Finance;2
How did HelioDynamics' acquisition of AquaGen in 2015 impact their market position in arid regions globally?;The acquisition led to the development of hybrid power plants capable of both energy production and freshwater generation, significantly bolstering their market position in arid regions.;Energy;1
What innovative project is HelioDynamics pursuing that involves capturing solar energy from satellites, and what potential impact could it have on global energy distribution?;HelioDynamics is pursuing the 'HelioSpace' project, which aims to capture solar energy from satellites and beam it back to Earth using microwave transmission, potentially revolutionizing global energy distribution.;Energy;1
What strategic advantage does HelioDynamics gain from their 'Energy Co-op Model' in rural and semi-urban areas?;The 'Energy Co-op Model' allows local communities to invest in and co-own microgrid installations, fostering community engagement and expanding their customer base in rural and semi-urban areas.;Energy;1
How has LuminaDynamics' 'Resonant Harmony' cultural philosophy influenced its innovation in product development?;The 'Resonant Harmony' cultural philosophy, which includes bi-weekly symphonic meditation sessions, fosters creativity and community among employees, leading to innovative products like the Eco-Canvas and Resonance Extract Generator.;Energy;2
What impact did the unexpected pivot to sound wave energy extraction have on LuminaDynamics' competitive positioning in the renewable energy market?;The pivot to sound wave energy extraction led to the development of the proprietary 'Resonance Extract' technology, giving LuminaDynamics a unique competitive edge and allowing them to diversify their portfolio beyond solar energy.;Energy;2
In what ways has LuminaDynamics' 'Power to the People' initiative altered the energy landscape in remote communities?;The 'Power to the People' initiative installed micro-grids in remote communities, providing reliable energy access and economic development, empowering over 50,000 households by 2022.;Energy;2
What was the impact of EcoFusion's integration of AI-driven personal shopping experiences on its customer engagement?;The introduction of the EcoFusion app, which uses machine learning for personalized product recommendations, resulted in a 40% increase in customer engagement within the first year of implementation.;Retail;1
How has EcoFusion's 'Green Hackathon' tradition contributed to the company's sustainability goals?;The 'Green Hackathon' led to a 10% reduction in the carbon footprint over five years, as employees collaborated on sustainability innovations during the event.;Retail;1
How does EcoFusion's EcoWear Infinity Jacket™ reflect the company's commitment to eco-luxury and sustainability?;The EcoWear Infinity Jacket™ is made from 100% recycled ocean plastics and features adjustable thermal layers for all seasons, exemplifying EcoFusion's use of renewable materials and low environmental impact in eco-luxury products.;Retail;1
How did EcoFusion's acquisition of EcoSpace in 2019 transform their approach to packaging and environmental impact?;The acquisition allowed EcoFusion to replace traditional packaging with plant-based, compostable alternatives, reducing their carbon footprint by 30% in just one year.;Retail;2
In what innovative way does EcoFusion incorporate digital technology into their retail model to enhance customer experience and sales?;EcoFusion launched an augmented reality shopping experience in 2016, allowing customers to visualize products in their homes before purchasing, which doubled their online sales within nine months.;Retail;2
What is the unique strategy behind EcoFusion's employee retreats, known as 'EcoSyncs,' and how do they impact company culture?;The 'EcoSyncs' are annual retreats where employees partake in immersive experiences in nature to brainstorm sustainable innovations, fostering creativity and a deep sense of purpose among the team.;Retail;2
How has Aurora Dynamics' 'Star Nights' tradition contributed to its high employee retention rate and innovative culture?;The 'Star Nights' tradition, where employees gather at the company observatory to stargaze and brainstorm, fosters a culture of innovation inspired by the cosmos, contributing to a high employee retention rate of 93%.;Manufacturing;1
What strategic advantage did Aurora Dynamics gain by incorporating adaptive optics technology from astronomy into its manufacturing processes?;By incorporating adaptive optics technology from astronomy into its manufacturing processes, Aurora Dynamics significantly increased precision manufacturing capabilities, transforming industries such as aerospace and automotive, and positioning the company as a leader in adaptive manufacturing technologies.;Manufacturing;1
In what ways has Aurora Dynamics' focus on sustainability influenced its competitive positioning and customer base?;Aurora Dynamics' commitment to reducing carbon emissions and sustainable practices has attracted environmentally conscious clients, setting it apart from competitors, with 60% of its customers prioritizing sustainability in their purchasing decisions.;Manufacturing;1
How did AmplifyCraft's pivot from biodegradable lumber to ocean plastic recycling impact their business trajectory?;This pivot led to a significant breakthrough in their business trajectory, resulting in a $15 million government contract, which marked their entry into large-scale production and set the foundation for future growth.;Manufacturing;2
What unique feature of the 'Hack the Future' event at AmplifyCraft has contributed to their culture of innovation?;The 'Hack the Future' event encourages employees to propose and develop new ideas, with winning projects often being incubated and leading to new product lines or improvements, thus fostering a workplace ethos of creativity and accountability.;Manufacturing;2
In what way does AmplifyCraft's 'RecycloCycle' program align with their corporate social responsibility goals?;The 'RecycloCycle' program aligns with their CSR goals by offering consumers credits for recycling their products, fostering a circular economy and encouraging sustainable practices, contributing to their 'Zero Waste by 2025' initiative.;Manufacturing;2
How did Pangea Paradiso's pivot to 'urban sanctuaries' influence their competitive positioning and market share in the eco-luxury segment?;The pivot to 'urban sanctuaries' allowed Pangea Paradiso to tap into a demand for unique urban experiences, setting them apart from traditional hotels and increasing their market share to 4% in the eco-luxury segment, which is growing at 10% annually.;Hospitality;1
In what ways has Pangea Paradiso's annual 'Cultural Fusion Festival' contributed to both internal innovation and external brand identity?;The 'Cultural Fusion Festival' fosters a sense of community among employees and guests, serving as a platform for innovative ideas, some of which have become successful product offerings, thereby enhancing the company's brand identity and innovation culture.;Hospitality;1
What strategic impact did the acquisition of a boutique hotel chain in Southeast Asia have on Pangea Paradiso's financial performance and market expansion?;The acquisition increased their revenue by 15% and expanded their market presence in Southeast Asia, providing access to local expertise and properties, thereby enhancing their market expansion strategy.;Hospitality;1
How did TerraScape's decision to integrate AI into their operations impact both their sustainability goals and customer satisfaction?;The integration of AI led to a 30% reduction in energy consumption and a 25% increase in customer satisfaction scores, as measured by their EcoScore system.;Hospitality;2
What cultural initiative does TerraScape employ to strengthen employee commitment to sustainability, and how does it reflect the company's mission?;TerraScape's 'Tree of Life' medallion tradition for new employees symbolizes their commitment to sustainability and fosters a deep connection to the company's mission.;Hospitality;2
What strategic advantage does TerraScape gain from its unique 'Cultural Exchange Program', and how does it contribute to their competitive positioning?;The 'Cultural Exchange Program' enriches guest experiences and strengthens community ties, providing a competitive edge by differentiating TerraScape through mutual learning experiences with local communities.;Hospitality;2
How did TerraFutura's 'Agri-Sabbaticals' initiative contribute to their innovation pipeline?;The 'Agri-Sabbaticals' allowed employees to take six-month paid leaves to work on personal agricultural projects, fostering creativity which led to several in-house innovations.;Agriculture;1
What impact did TerraFutura's strategic decision to offer free educational workshops on sustainable farming techniques have on their brand value?;The initiative resulted in a 30% increase in their brand value by expanding their customer base and building a loyal community around their brand.;Agriculture;1
In what way does TerraFutura's 'Glocal' strategy provide them with a competitive advantage in the agri-tech industry?;The 'Glocal' strategy tailors products to meet regional agricultural needs, enhancing customer satisfaction and loyalty, thus offering a competitive edge over traditional agricultural companies.;Agriculture;1
How did TerraLoom's experience with the 2014 California drought lead to the creation of a key product that revolutionized agricultural water conservation?;The 2014 drought prompted TerraLoom to develop AquaGuard, a bio-engineered polymer that retains soil moisture and reduces water usage by up to 40%, solidifying their pioneering role in water-efficient technologies.;Agriculture;2
What role does TerraLoom's 'Innovation by Participation' program play in their competitive strategy and customer loyalty?;The 'Innovation by Participation' program crowdsources ideas from farmers worldwide, fostering customer loyalty and ensuring that TerraLoom's products address real-world agricultural needs, enhancing their competitive edge.;Agriculture;2
In what ways has TerraLoom's GreenSync Labs in the Netherlands contributed to their research on sustainable farming technologies?;GreenSync Labs focuses on vertical farming technologies, powered entirely by renewable energy and featuring an advanced aquaponics system, contributing significantly to TerraLoom's R&D in sustainable agriculture.;Agriculture;2
How did Celestial Harmonics' 'Interstellar Sabbaticals' influence their product innovation and employee morale?;The 'Interstellar Sabbaticals' allowed employees to take paid time off to pursue projects related to astronomy or filmmaking, boosting morale and feeding back into creative output, inspiring several successful projects.;Media & Entertainment;1
What was the strategic significance of Celestial Harmonics' pivot to educational tools in 2013, and how did it impact their growth trajectory?;In 2013, after facing competition with a similar space documentary, Celestial Harmonics pivoted to creating interactive educational tools for schools, which diversified their offerings and sparked a new era of growth.;Media & Entertainment;1
How does Celestial Harmonics' 'Galactic Classroom' product leverage their competitive advantage within the educational technology market?;The 'Galactic Classroom' features holographic projectors and interactive modules, allowing Celestial Harmonics to capture a 10% market share in the educational technology sector by making space science accessible and engaging to students.;Media & Entertainment;1
How did QuantumVerse Studios' pivot in 2012 to include AR and MR technologies impact their market presence and innovation trajectory?;The shift expanded their reach beyond VR, was bolstered by an AI-driven content creation tool, and established them as pioneers in educational VR/AR content, diversifying their revenue streams and sparking sustained growth.;Media & Entertainment;2
What role does the 'Global Narrative Network' play in QuantumVerse Studios' corporate strategy, and how might it alter the media landscape?;The Global Narrative Network, leveraging blockchain technology, aims to decentralize content creation, empowering global storytellers, and fostering cross-cultural collaborations, potentially democratizing media distribution and innovation.;Media & Entertainment;2
In what way does QuantumVerse Studios' 'Sensory Inclusion Initiative' reflect their commitment to accessibility and inclusivity in immersive media?;The Sensory Inclusion Initiative develops adaptive technologies to make immersive experiences accessible to individuals with sensory disabilities, demonstrating their dedication to inclusive engagement and broadening their audience reach.;Media & Entertainment;2
How did AeroFuze Logistics' acquisition of a failing cargo airline in 2013 influence their global supply chain capabilities?;The acquisition and transformation into a hybrid fleet operation allowed AeroFuze to expand from niche drone logistics into global supply chain solutions by leveraging traditional aircraft and innovative airships powered by hybrid solar technology.;Transportation & Logistics;1
What impact did the strategic investment in AI and machine learning in 2020 have on AeroFuze's operational efficiency during the COVID-19 pandemic?;The investment led to the creation of predictive logistics models that improved efficiency by 40%, a crucial development during the pandemic when adaptive supply chain solutions were essential.;Transportation & Logistics;1
In what ways has AeroFuze Logistics' Eco-Corridors service contributed to its recognition by the United Nations and the company's sustainability goals?;The Eco-Corridors service optimized flight paths and logistics routes to reduce carbon emissions by 25%, earning recognition from the United Nations for its sustainable logistics practices.;Transportation & Logistics;1
How did the integration of former circus performers into logistics planning impact SkyBridge Dynamics' route efficiency?;The unconventional decision to employ former circus performers as logistics analysts resulted in a 15% increase in route efficiency due to their unique problem-solving skills.;Transportation & Logistics;2
What strategic decision did SkyBridge Dynamics make in 2007 to overcome a financial crisis, and how did it influence their market position?;In 2007, after a major financial backer pulled out, SkyBridge Dynamics diversified into bio-luminescent algae cultivation for sustainable shipping, which not only saved the company but also attracted significant environmental awards and positioned them as trailblazers in eco-friendly logistics.;Transportation & Logistics;2
What is the significance of the SkyBridge Festival for SkyBridge Dynamics, and how has it contributed to the company's brand identity?;The SkyBridge Festival, launched in 2012, is an annual event where logistics meets art, showcasing innovations with immersive experiences, drawing global attention, and fostering a unique bond between employees and clients, thus enhancing the company's cultural identity and brand recognition.;Transportation & Logistics;2

